,image_0,image_1,image_2,image_3,image_4,image_5,image_6,image_7,image_8,image_9
0,0.0,0.0,0.0,0.0,0.0,0.0,0.0,0.0,0.0,0.0
1,0.0,0.0,0.0,0.0,0.0,0.0,0.0,0.0,0.0,0.0
2,0.0,0.0,0.0,0.0,0.0,0.0,0.0,0.0,0.0,0.0
3,0.0,0.0,0.0,0.0,0.0,0.0,0.0,0.0,0.0,0.0
4,0.0,0.0,0.0,0.0,0.0,0.0,0.0,0.0,0.0,0.0
5,0.0,0.0,0.0,0.0,0.0,0.0,0.0,0.0,0.0,0.0
6,0.0,0.0,0.0,0.0,0.0,0.0,0.0,0.0,0.0,0.0
7,0.0,0.0,0.0,0.0,0.0,0.0,0.0,0.0,0.0,0.0
8,0.0,0.0,0.0,0.0,0.0,0.0,0.0,0.0,0.0,0.0
9,0.0,0.0,0.0,0.0,0.0,0.0,0.0,0.0,0.0,0.0
10,0.0,0.0,0.0,0.0,0.0,0.0,0.0,0.0,0.0,0.0
11,0.0,0.0,0.0,0.0,0.0,0.0,0.0,0.0,0.0,0.0
12,0.0,0.0,0.0,0.0,0.0,0.0,0.0,0.0,0.0,0.0
13,0.0,0.0,0.0,0.0,0.0,0.0,0.0,0.0,0.0,0.0
14,0.0,0.0,0.0,0.0,0.0,0.0,0.0,0.0,0.0,0.0
15,0.0,0.0,0.0,0.0,0.0,0.0,0.0,0.0,0.0,0.0
16,0.0,0.0,0.0,0.0,0.0,0.0,0.0,0.0,0.0,0.0
17,0.0,0.0,0.0,0.0,0.0,0.0,0.0,0.0,0.0,0.0
18,0.0,0.0,0.0,0.0,0.0,0.0,0.0,0.0,0.0,0.0
19,0.0,0.0,0.0,0.0,0.0,0.0,0.0,0.0,0.0,0.0
20,0.0,0.0,0.0,0.0,0.0,0.0,0.0,0.0,0.0,0.0
21,0.0,0.0,0.0,0.0,0.0,0.0,0.0,0.0,0.0,0.0
22,0.0,0.0,0.0,0.0,0.0,0.0,0.0,0.0,0.0,0.0
23,0.0,0.0,0.0,0.0,0.0,0.0,0.0,0.0,0.0,0.0
24,0.0,0.0,0.0,0.0,0.0,0.0,0.0,0.0,0.0,0.0
25,0.0,0.0,0.0,0.0,0.0,0.0,0.0,0.0,0.0,0.0
26,0.0,0.0,0.0,0.0,0.0,0.0,0.0,0.0,0.0,0.0
27,0.0,0.0,0.0,0.0,0.0,0.0,0.0,0.0,0.0,0.0
28,0.0,0.0,0.0,0.0,0.0,0.0,0.0,0.0,0.0,0.0
29,0.0,0.0,0.0,0.0,0.0,0.0,0.0,0.0,0.0,0.0
30,0.0,0.0,0.0,0.0,0.0,0.0,0.0,0.0,0.0,0.0
31,0.0,0.0,0.0,0.0,0.0,0.0,0.0,0.0,0.0,0.0
32,0.0,0.0,0.0,0.0,0.0,0.0,0.0,0.0,0.0,0.0
33,0.0,0.0,0.0,0.0,0.0,0.0,0.0,0.0,0.0,0.0
34,0.0,0.0,0.0,0.0,0.0,0.0,0.0,0.0,0.0,0.0
35,0.0,0.0,0.0,0.0,0.0,0.0,0.0,0.0,0.0,0.0
36,0.0,0.0,0.0,0.0,0.0,0.0,0.0,0.0,0.0,0.0
37,0.0,0.0,0.0,0.0,0.0,0.0,0.0,0.0,0.0,0.0
38,0.0,0.0,0.0,0.0,0.0,0.0,0.0,0.0,0.0,0.0
39,0.0,0.0,0.0,0.0,0.0,0.0,0.0,0.0,0.0,0.0
40,0.0,0.0,0.0,0.0,0.0,0.0,0.0,0.0,0.0,0.0
41,0.0,0.0,0.0,0.0,0.0,0.0,0.0,0.0,0.0,0.0
42,0.0,0.0,0.0,0.0,0.0,0.0,0.0,0.0,0.0,0.0
43,0.0,0.0,0.0,0.0,0.0,0.0,0.0,0.0,0.0,0.0
44,0.0,0.0,0.0,0.0,0.0,0.0,0.0,0.0,0.0,0.0
45,0.0,0.0,0.0,0.0,0.0,0.0,0.0,0.0,0.0,0.0
46,0.0,0.0,0.0,0.0,0.0,0.0,0.0,0.0,0.0,0.0
47,0.0,0.0,0.0,0.0,0.0,0.0,0.0,0.0,0.0,0.0
48,0.0,0.0,0.0,0.0,0.0,0.0,0.0,0.0,0.0,0.0
49,0.0,0.0,0.0,0.0,0.0,0.0,0.0,0.0,0.0,0.0
50,0.0,0.0,0.0,0.0,0.0,0.0,0.0,0.0,0.0,0.0
51,0.0,0.0,0.0,0.0,0.0,0.0,0.0,0.0,0.0,0.0
52,0.0,0.0,0.0,0.0,0.0,0.0,0.0,0.0,0.0,0.0
53,0.0,0.0,0.0,0.0,0.0,0.0,0.0,0.0,0.0,0.0
54,0.0,0.0,0.0,0.0,0.0,0.0,0.0,0.0,0.0,0.0
55,0.0,0.0,0.0,0.0,0.0,0.0,0.0,0.0,0.0,0.0
56,0.0,0.0,0.0,0.0,0.0,0.0,0.0,0.0,0.0,0.0
57,0.0,0.0,0.0,0.0,0.0,0.0,0.0,0.0,0.0,0.0
58,0.0,0.0,0.0,0.0,0.0,0.0,0.0,0.0,0.0,0.0
59,0.0,0.0,0.0,0.0,0.0,0.0,0.0,0.0,0.0,0.0
60,0.0,0.0,0.0,0.0,0.0,0.0,0.0,0.0,0.0,0.0
61,0.0,0.0,0.0,0.0,0.0,0.0,0.0,0.0,0.0,0.0
62,0.0,0.0,0.0,0.0,0.0,0.0,0.0,0.0,0.0,0.0
63,0.0,0.0,0.0,0.0,0.0,0.0,0.0,0.0,0.0,0.0
64,0.0,0.0,0.0,0.0,0.0,0.0,0.0,0.0,0.0,0.0
65,0.0,0.0,0.0,0.0,0.0,0.0,0.0,0.0,0.0,0.0
66,0.0,0.0,0.0,0.0,0.0,0.0,0.0,0.0,0.0,0.0
67,0.0,0.0,0.0,0.0,0.0,0.0,0.0,0.0,0.0,0.0
68,0.0,0.0,0.0,0.0,0.0,0.0,0.0,0.0,0.0,0.0
69,0.0,0.0,0.0,0.0,0.0,0.0,0.0,0.0,0.0,0.0
70,0.0,0.0,0.0,0.0,0.0,0.0,0.0,0.0,0.0,0.0
71,0.0,0.0,0.0,0.0,0.0,0.0,0.5176470588235295,0.0,0.0,0.0
72,0.0,0.0,0.0,0.0,0.0,0.0,1.0,0.0,0.0,0.0
73,0.0,0.0,0.0,0.0,0.0,0.0,0.8823529411764706,0.0,0.0,0.0
74,0.0,0.0,0.0,0.0,0.0,0.0,0.047058823529411764,0.0,0.0,0.0
75,0.0,0.0,0.0,0.0,0.0,0.0,0.0,0.0,0.0,0.0
76,0.0,0.0,0.0,0.0,0.0,0.0,0.0,0.0,0.0,0.0
77,0.0,0.0,0.0,0.0,0.0,0.0,0.0,0.0,0.0,0.0
78,0.0,0.0,0.0,0.0,0.0,0.0,0.0,0.0,0.0,0.0
79,0.0,0.0,0.0,0.0,0.0,0.0,0.0,0.0,0.0,0.0
80,0.0,0.0,0.0,0.0,0.0,0.0,0.0,0.0,0.0,0.0
81,0.0,0.0,0.0,0.0,0.0,0.0,0.0,0.0,0.0,0.0
82,0.0,0.0,0.0,0.0,0.0,0.0,0.0,0.0,0.0,0.0
83,0.0,0.0,0.0,0.0,0.0,0.0,0.0,0.0,0.0,0.0
84,0.0,0.0,0.0,0.0,0.0,0.0,0.0,0.0,0.0,0.0
85,0.0,0.0,0.0,0.0,0.0,0.0,0.0,0.0,0.0,0.0
86,0.0,0.0,0.0,0.0,0.0,0.0,0.0,0.0,0.0,0.0
87,0.0,0.0,0.0,0.0,0.0,0.0,0.0,0.0,0.0,0.0
88,0.0,0.0,0.0,0.0,0.0,0.0,0.0,0.0,0.0,0.0
89,0.0,0.0,0.0,0.0,0.0,0.0,0.0,0.0,0.0,0.0
90,0.0,0.0,0.0,0.0,0.0,0.0,0.0,0.0,0.0,0.0
91,0.0,0.0,0.0,0.0,0.0,0.0,0.0,0.0,0.0,0.0
92,0.0,0.0,0.0,0.0,0.0,0.0,0.0,0.0,0.0,0.0
93,0.0,0.0,0.0,0.0,0.0,0.0,0.0,0.0,0.0,0.0
94,0.0,0.0,0.0,0.0,0.0,0.0,0.0,0.0,0.0,0.0
95,0.0,0.0,0.0,0.0,0.0,0.0,0.0,0.0,0.0,0.0
96,0.0,0.0,0.0,0.0,0.0,0.0,0.0,0.0,0.0,0.0
97,0.0,0.0,0.0,0.0,0.0,0.0,0.011764705882352941,0.0,0.0,0.0
98,0.0,0.0,0.0,0.0,0.0,0.0,0.5019607843137255,0.0,0.0,0.0
99,0.0,0.0,0.0,0.0,0.0,0.0,0.9647058823529412,0.0,0.0,0.0
100,0.0,0.0,0.0,0.0,0.0,0.0,0.7176470588235294,0.0,0.0,0.0
101,0.0,0.0,0.0,0.0,0.0,0.0,0.5019607843137255,0.0,0.0,0.0
102,0.0,0.0,0.0,0.0,0.0,0.0,0.1803921568627451,0.0,0.0,0.0
103,0.0,0.0,0.0,0.0,0.0,0.0,0.0,0.0,0.0,0.0
104,0.0,0.0,0.0,0.0,0.0,0.0,0.0,0.0,0.0,0.0
105,0.0,0.0,0.0,0.0,0.0,0.0,0.0,0.0,0.0,0.0
106,0.0,0.0,0.0,0.0,0.0,0.0,0.0,0.0,0.0,0.0
107,0.0,0.0,0.0,0.0,0.0,0.0,0.0,0.0,0.0,0.0
108,0.0,0.0,0.0,0.0,0.0,0.0,0.0,0.0,0.0,0.0
109,0.0,0.0,0.0,0.0,0.0,0.0,0.0,0.0,0.0,0.0
110,0.0,0.0,0.0,0.0,0.0,0.0,0.0,0.0,0.0,0.0
111,0.0,0.0,0.0,0.0,0.0,0.0,0.0,0.0,0.0,0.0
112,0.0,0.0,0.0,0.0,0.0,0.0,0.0,0.0,0.0,0.0
113,0.0,0.0,0.0,0.0,0.0,0.0,0.0,0.0,0.0,0.0
114,0.0,0.0,0.0,0.0,0.0,0.0,0.0,0.0,0.0,0.0
115,0.0,0.0,0.0,0.0,0.0,0.0,0.0,0.0,0.0,0.0
116,0.0,0.0,0.0,0.0,0.0,0.0,0.0,0.0,0.0,0.0
117,0.0,0.0,0.0,0.0,0.0,0.0,0.0,0.0,0.0,0.0
118,0.0,0.0,0.0,0.0,0.0,0.0,0.0,0.0,0.0,0.0
119,0.0,0.0,0.0,0.0,0.0,0.0,0.0,0.0,0.0,0.0
120,0.0,0.0,0.0,0.0,0.0,0.0,0.0,0.0,0.0,0.0
121,0.0,0.0,0.0,0.0,0.0,0.0,0.0,0.0,0.0,0.0
122,0.0,0.0,0.0,0.0,0.0,0.0,0.0,0.0,0.0,0.0
123,0.0,0.0,0.0,0.0,0.0,0.0,0.0,0.0,0.0,0.0
124,0.0,0.0,0.3254901960784314,0.0,0.0,0.0,0.0,0.0,0.0,0.0
125,0.0,0.0,0.3568627450980392,0.0,0.0,0.0,0.3568627450980392,0.0,0.0,0.0
126,0.0,0.0,0.5607843137254902,0.0,0.0,0.0,0.996078431372549,0.0,0.0,0.0
127,0.2,0.0,1.0,0.0,0.0,0.0,0.5254901960784314,0.0,0.0,0.0
128,0.6235294117647059,0.0,0.7450980392156863,0.0,0.0,0.0,0.0,0.0,0.0,0.0
129,0.9921568627450981,0.0,0.3568627450980392,0.0,0.0,0.0,0.0,0.0,0.0,0.0
130,0.6235294117647059,0.0,0.19607843137254902,0.0,0.0,0.0,0.0,0.0,0.0,0.0
131,0.19607843137254902,0.0,0.0,0.0,0.0,0.0,0.0,0.0,0.0,0.0
132,0.0,0.0,0.0,0.0,0.0,0.0,0.0,0.0,0.0,0.0
133,0.0,0.0,0.0,0.0,0.0,0.0,0.0,0.0,0.0,0.0
134,0.0,0.0,0.0,0.0,0.0,0.0,0.0,0.0,0.0,0.0
135,0.0,0.0,0.0,0.0,0.0,0.0,0.0,0.0,0.0,0.0
136,0.0,0.0,0.0,0.0,0.0,0.0,0.0,0.0,0.0,0.0
137,0.0,0.0,0.0,0.0,0.0,0.0,0.0,0.0,0.0,0.0
138,0.0,0.0,0.0,0.0,0.0,0.0,0.0,0.0,0.0,0.0
139,0.0,0.0,0.0,0.0,0.0,0.0,0.0,0.0,0.0,0.0
140,0.0,0.0,0.0,0.0,0.0,0.0,0.0,0.0,0.0,0.0
141,0.0,0.0,0.0,0.0,0.0,0.0,0.0,0.0,0.0,0.0
142,0.0,0.0,0.0,0.0,0.0,0.0,0.0,0.0,0.0,0.0
143,0.0,0.0,0.0,0.0,0.0,0.0,0.0,0.0,0.0,0.0
144,0.0,0.0,0.0,0.0,0.0,0.0,0.0,0.0,0.0,0.0
145,0.0,0.0,0.0,0.0,0.0,0.0,0.0,0.0,0.0,0.0
146,0.0,0.0,0.0,0.0,0.0,0.0,0.0,0.0,0.0,0.0
147,0.0,0.0,0.0,0.0,0.0,0.0,0.0,0.0,0.0,0.0
148,0.0,0.0,0.0,0.0,0.0,0.0,0.0,0.0,0.0,0.0
149,0.0,0.0,0.03529411764705882,0.0,0.0,0.0,0.0,0.0,0.0,0.0
150,0.0,0.0,0.19215686274509805,0.0,0.21176470588235294,0.0,0.0,0.0,0.0,0.0
151,0.0,0.0,0.7058823529411765,0.14901960784313725,0.9725490196078431,0.0,0.0,0.0,0.0,0.0
152,0.0,0.0,0.9647058823529412,0.16862745098039217,0.18823529411764706,0.0,0.21176470588235294,0.0,0.0,0.0
153,0.0,0.0,0.9921568627450981,0.4117647058823529,0.0,0.0,0.9215686274509803,0.0,0.0,0.0
154,0.18823529411764706,0.0,0.9921568627450981,1.0,0.0,0.0,0.8,0.0,0.0,0.0
155,0.9333333333333333,0.0,0.9921568627450981,0.9921568627450981,0.0,0.0,0.027450980392156862,0.0,0.0,0.0
156,0.9882352941176471,0.0,0.9921568627450981,0.9921568627450981,0.0,0.0,0.0,0.0,0.0,0.0
157,0.9882352941176471,0.0,0.9921568627450981,0.9921568627450981,0.011764705882352941,0.0,0.0,0.0,0.0,0.0
158,0.9882352941176471,0.48627450980392156,0.8627450980392157,0.9921568627450981,0.6039215686274509,0.0,0.0,0.0,0.0,0.0
159,0.9294117647058824,0.9921568627450981,0.6039215686274509,0.9921568627450981,0.5647058823529412,0.0784313725490196,0.0,0.0,0.043137254901960784,0.0
160,0.0,1.0,0.06666666666666667,0.6823529411764706,0.0,0.0,0.0,0.0,0.796078431372549,0.0
161,0.0,0.24705882352941178,0.011764705882352941,0.023529411764705882,0.0,0.2,0.0,0.0,0.8980392156862745,0.0
162,0.0,0.0,0.0,0.0,0.0,0.5882352941176471,0.0,0.0,0.12549019607843137,0.0
163,0.0,0.0,0.0,0.0,0.0,0.6078431372549019,0.0,0.0,0.0,0.0
164,0.0,0.0,0.0,0.0,0.0,1.0,0.0,0.0,0.0,0.0
165,0.0,0.0,0.0,0.0,0.0,0.4235294117647059,0.0,0.0,0.0,0.0
166,0.0,0.0,0.0,0.0,0.0,0.0,0.0,0.0,0.0,0.0
167,0.0,0.0,0.0,0.0,0.0,0.0,0.0,0.0,0.0,0.0
168,0.0,0.0,0.0,0.0,0.0,0.0,0.0,0.0,0.0,0.0
169,0.0,0.0,0.0,0.0,0.0,0.0,0.0,0.0,0.0,0.0
170,0.0,0.0,0.0,0.0,0.0,0.0,0.0,0.0,0.0,0.0
171,0.0,0.0,0.0,0.0,0.0,0.0,0.0,0.0,0.0,0.0
172,0.0,0.0,0.0,0.0,0.0,0.0,0.0,0.0,0.0,0.0
173,0.0,0.0,0.0,0.0,0.0,0.0,0.0,0.0,0.0,0.0
174,0.0,0.0,0.0,0.0,0.0,0.0,0.0,0.0,0.0,0.0
175,0.0,0.0,0.1803921568627451,0.0,0.0,0.0,0.0,0.0,0.0,0.0
176,0.0,0.0,0.4196078431372549,0.0,0.0,0.0,0.0,0.0,0.0,0.0
177,0.0,0.0,0.6980392156862745,0.16862745098039217,0.0,0.0,0.0,0.0,0.0,0.0
178,0.0,0.0,0.9921568627450981,0.5450980392156862,0.21176470588235294,0.0,0.0,0.0,0.0,0.0
179,0.0,0.0,0.9921568627450981,0.8784313725490196,0.996078431372549,0.0,0.0,0.0,0.0,0.0
180,0.0,0.0,0.9921568627450981,0.8862745098039215,0.30196078431372547,0.0,0.6196078431372549,0.0,0.0,0.0
181,0.21176470588235294,0.0,0.9921568627450981,0.9882352941176471,0.0,0.0,0.9882352941176471,0.0,0.0,0.0
182,0.8901960784313725,0.0,0.9921568627450981,0.9921568627450981,0.0,0.0,0.47058823529411764,0.0,0.0,0.0
183,0.9921568627450981,0.0,0.9921568627450981,0.9882352941176471,0.0,0.0,0.0,0.0,0.10196078431372549,0.0
184,0.9882352941176471,0.0,0.9921568627450981,0.9882352941176471,0.0,0.0,0.0,0.0,0.1843137254901961,0.0
185,0.9372549019607843,0.3764705882352941,0.9921568627450981,0.9882352941176471,0.22745098039215686,0.21176470588235294,0.0,0.0,0.1843137254901961,0.0
186,0.9137254901960784,0.9568627450980393,0.9921568627450981,0.9882352941176471,0.996078431372549,0.5058823529411764,0.0,0.0,0.11764705882352941,0.0
187,0.9882352941176471,0.984313725490196,0.9921568627450981,0.9882352941176471,0.8470588235294118,0.8117647058823529,0.0,0.0,0.37254901960784315,0.0
188,0.2235294117647059,0.9921568627450981,0.9921568627450981,0.9882352941176471,0.0,0.49411764705882355,0.0,0.0,0.996078431372549,0.0
189,0.023529411764705882,0.24313725490196078,0.49411764705882355,0.6196078431372549,0.0,0.9725490196078431,0.0,0.0,0.8431372549019608,0.0
190,0.0,0.0,0.17647058823529413,0.054901960784313725,0.0,0.9921568627450981,0.0,0.0,0.050980392156862744,0.0
191,0.0,0.0,0.0,0.0,0.0,0.9921568627450981,0.0,0.0,0.0,0.0
192,0.0,0.0,0.0,0.0,0.0,0.9098039215686274,0.0,0.0,0.0,0.0
193,0.0,0.0,0.0,0.0,0.0,0.20392156862745098,0.0,0.0,0.0,0.0
194,0.0,0.0,0.0,0.0,0.0,0.0,0.0,0.0,0.0,0.0
195,0.0,0.0,0.0,0.0,0.0,0.0,0.0,0.0,0.0,0.0
196,0.0,0.0,0.0,0.0,0.0,0.0,0.0,0.0,0.0,0.0
197,0.0,0.0,0.0,0.0,0.0,0.0,0.0,0.0,0.0,0.0
198,0.0,0.0,0.0,0.0,0.0,0.0,0.0,0.0,0.0,0.0
199,0.0,0.0,0.0,0.0,0.0,0.0,0.0,0.0,0.0,0.0
200,0.0,0.0,0.0,0.0,0.0,0.0,0.0,0.0,0.0,0.0
201,0.0,0.0,0.0,0.0,0.0,0.0,0.0,0.03137254901960784,0.0,0.0
202,0.0,0.0,0.0,0.0,0.0,0.0,0.0,0.11372549019607843,0.0,0.0
203,0.0,0.0,0.4196078431372549,0.0,0.0,0.0,0.0,0.11372549019607843,0.0,0.0
204,0.0,0.0,0.9921568627450981,0.0,0.0,0.0,0.0,0.34509803921568627,0.0,0.0
205,0.0,0.0,0.9921568627450981,0.6980392156862745,0.0,0.0,0.0,0.34901960784313724,0.0,0.0
206,0.0,0.0,0.9921568627450981,0.9882352941176471,0.49019607843137253,0.17647058823529413,0.0,0.49411764705882355,0.0,0.0
207,0.0392156862745098,0.0,0.9921568627450981,0.9882352941176471,0.9411764705882353,0.5490196078431373,0.24705882352941178,0.49411764705882355,0.17647058823529413,0.0
208,0.23529411764705882,0.0,0.8745098039215686,0.9882352941176471,0.0784313725490196,0.5490196078431373,0.984313725490196,0.49411764705882355,0.6039215686274509,0.043137254901960784
209,0.8784313725490196,0.0,0.8627450980392157,0.9882352941176471,0.0,0.3843137254901961,0.6470588235294118,0.49411764705882355,0.7254901960784313,0.7254901960784313
210,0.9882352941176471,0.0,0.8627450980392157,0.9921568627450981,0.0,0.3843137254901961,0.0,0.49411764705882355,0.7254901960784313,1.0
211,0.9921568627450981,0.0,0.8627450980392157,0.9882352941176471,0.0,0.5490196078431373,0.0,0.4745098039215686,0.8745098039215686,0.9921568627450981
212,0.9882352941176471,0.0,0.8627450980392157,0.9882352941176471,0.0,0.8745098039215686,0.0,0.11372549019607843,0.9921568627450981,0.9921568627450981
213,0.792156862745098,0.4980392156862745,0.9607843137254902,0.9882352941176471,0.4196078431372549,0.9764705882352941,0.0,0.011764705882352941,0.9921568627450981,0.9019607843137255
214,0.32941176470588235,0.984313725490196,0.9921568627450981,0.9882352941176471,0.996078431372549,0.9921568627450981,0.0,0.0,0.5215686274509804,0.5176470588235295
215,0.9882352941176471,0.984313725490196,0.9921568627450981,0.9882352941176471,0.5686274509803921,0.9921568627450981,0.0,0.0,0.6862745098039216,0.5176470588235295
216,0.9921568627450981,0.9921568627450981,0.9921568627450981,0.9882352941176471,0.0,0.9921568627450981,0.0,0.0,1.0,0.12156862745098039
217,0.47843137254901963,0.24313725490196078,0.9921568627450981,0.9882352941176471,0.0,0.9921568627450981,0.0,0.0,0.7372549019607844,0.0
218,0.0,0.0,0.41568627450980394,0.23137254901960785,0.0,0.9921568627450981,0.0,0.0,0.07450980392156863,0.0
219,0.0,0.0,0.0,0.0,0.0,0.9294117647058824,0.0,0.0,0.0,0.0
220,0.0,0.0,0.0,0.0,0.0,0.49411764705882355,0.0,0.0,0.0,0.0
221,0.0,0.0,0.0,0.0,0.0,0.0,0.0,0.0,0.0,0.0
222,0.0,0.0,0.0,0.0,0.0,0.0,0.0,0.0,0.0,0.0
223,0.0,0.0,0.0,0.0,0.0,0.0,0.0,0.0,0.0,0.0
224,0.0,0.0,0.0,0.0,0.0,0.0,0.0,0.0,0.0,0.0
225,0.0,0.0,0.0,0.0,0.0,0.0,0.0,0.0,0.0,0.0
226,0.0,0.0,0.0,0.0,0.0,0.0,0.0,0.0,0.0,0.0
227,0.0,0.0,0.0,0.0,0.0,0.0,0.0,0.0,0.0,0.0
228,0.0,0.0,0.0,0.0,0.0,0.0,0.0,0.0,0.0,0.0
229,0.0,0.0,0.0,0.0,0.0,0.0,0.0,0.6588235294117647,0.0,0.0
230,0.0,0.0,0.0,0.0,0.0,0.0,0.0,0.996078431372549,0.0,0.0
231,0.0,0.0,0.4196078431372549,0.0,0.0,0.0,0.0,0.996078431372549,0.0,0.0
232,0.0,0.0,0.6784313725490196,0.0,0.0,0.0,0.0,0.996078431372549,0.0,0.0
233,0.0,0.0,0.9921568627450981,0.42745098039215684,0.0,0.0,0.0,0.996078431372549,0.0,0.0
234,0.0,0.0,0.8980392156862745,0.9882352941176471,0.6705882352941176,0.9176470588235294,0.0,0.996078431372549,0.0,0.03529411764705882
235,0.6392156862745098,0.0,0.5058823529411764,0.9882352941176471,0.9215686274509803,0.9921568627450981,0.4196078431372549,0.996078431372549,0.43137254901960786,0.2784313725490196
236,0.9882352941176471,0.0,0.047058823529411764,0.9019607843137255,0.0,0.9921568627450981,0.996078431372549,0.996078431372549,0.9921568627450981,0.9490196078431372
237,0.9882352941176471,0.0,0.0,0.5176470588235295,0.0,0.9921568627450981,0.5411764705882353,0.996078431372549,0.9921568627450981,0.9882352941176471
238,0.9882352941176471,0.0,0.0,0.5215686274509804,0.0,0.9921568627450981,0.0,0.996078431372549,0.9921568627450981,0.9882352941176471
239,0.9921568627450981,0.0,0.0,0.5176470588235295,0.0,0.9921568627450981,0.0,0.996078431372549,0.9647058823529412,0.8941176470588236
240,0.9882352941176471,0.26666666666666666,0.0,0.5176470588235295,0.0,0.9921568627450981,0.0,0.996078431372549,0.6313725490196078,0.9058823529411765
241,0.9882352941176471,0.9254901960784314,0.43137254901960786,0.7411764705882353,0.788235294117647,0.9921568627450981,0.0,0.6901960784313725,0.8941176470588236,0.9882352941176471
242,0.3764705882352941,0.984313725490196,0.9921568627450981,0.9882352941176471,0.996078431372549,0.9921568627450981,0.0,0.07450980392156863,0.9921568627450981,0.9882352941176471
243,0.7411764705882353,0.8274509803921568,0.9921568627450981,0.9882352941176471,0.3843137254901961,0.9921568627450981,0.0,0.0,0.9921568627450981,0.9882352941176471
244,0.9921568627450981,0.12156862745098039,0.9921568627450981,0.9882352941176471,0.0,0.9921568627450981,0.0,0.0,0.996078431372549,0.6549019607843137
245,0.6549019607843137,0.03137254901960784,0.9921568627450981,0.9882352941176471,0.0,0.9921568627450981,0.0,0.0,0.3607843137254902,0.0
246,0.0,0.0,0.41568627450980394,0.23137254901960785,0.0,0.7725490196078432,0.0,0.0,0.0,0.0
247,0.0,0.0,0.0,0.0,0.0,0.20392156862745098,0.0,0.0,0.0,0.0
248,0.0,0.0,0.0,0.0,0.0,0.0,0.0,0.0,0.0,0.0
249,0.0,0.0,0.0,0.0,0.0,0.0,0.0,0.0,0.0,0.0
250,0.0,0.0,0.0,0.0,0.0,0.0,0.0,0.0,0.0,0.0
251,0.0,0.0,0.0,0.0,0.0,0.0,0.0,0.0,0.0,0.0
252,0.0,0.0,0.0,0.0,0.0,0.0,0.0,0.0,0.0,0.0
253,0.0,0.0,0.0,0.0,0.0,0.0,0.0,0.0,0.0,0.0
254,0.0,0.0,0.0,0.0,0.0,0.0,0.0,0.0,0.0,0.0
255,0.0,0.0,0.0,0.0,0.0,0.0,0.0,0.0,0.0,0.0
256,0.0,0.0,0.0,0.0,0.0,0.0,0.0,0.0,0.0,0.0
257,0.0,0.0,0.0,0.0,0.0,0.0,0.0,0.6862745098039216,0.0,0.0
258,0.0,0.0,0.0,0.0,0.0,0.0,0.0,0.8,0.0,0.0
259,0.0,0.0,0.06666666666666667,0.0,0.0,0.0,0.0,0.7725490196078432,0.0,0.0
260,0.0,0.0,0.054901960784313725,0.0,0.0,0.0,0.0,0.7725490196078432,0.0,0.0
261,0.0,0.0,0.1568627450980392,0.01568627450980392,0.03529411764705882,0.13725490196078433,0.0,0.7725490196078432,0.0,0.10980392156862745
262,0.2,0.0,0.12549019607843137,0.11372549019607843,0.9686274509803922,0.9490196078431372,0.0,0.7725490196078432,0.5019607843137255,0.6509803921568628
263,0.9333333333333333,0.0,0.0,0.11372549019607843,0.9215686274509803,0.9921568627450981,0.7137254901960784,0.7725490196078432,0.9607843137254902,0.9882352941176471
264,0.9921568627450981,0.0,0.0,0.09411764705882353,0.0,0.9921568627450981,0.8980392156862745,0.7725490196078432,0.9921568627450981,0.9882352941176471
265,0.9921568627450981,0.0,0.0,0.0,0.0,0.9921568627450981,0.1568627450980392,0.7725490196078432,0.6196078431372549,0.9215686274509803
266,0.7450980392156863,0.0,0.0,0.0,0.0,0.9921568627450981,0.0,0.7725490196078432,0.5372549019607843,0.3607843137254902
267,0.4470588235294118,0.23529411764705882,0.0,0.0,0.0,0.9921568627450981,0.0,0.7843137254901961,0.08235294117647059,0.0
268,0.9921568627450981,0.8941176470588236,0.0,0.0,0.08235294117647059,0.9921568627450981,0.0,0.996078431372549,0.0,0.054901960784313725
269,0.8941176470588236,0.984313725490196,0.2235294117647059,0.054901960784313725,0.8901960784313725,0.9921568627450981,0.0,0.996078431372549,0.18823529411764706,0.5568627450980392
270,0.1843137254901961,0.984313725490196,0.9921568627450981,0.8862745098039215,0.7568627450980392,0.9568627450980393,0.0,0.29411764705882354,0.9137254901960784,0.9882352941176471
271,0.30980392156862746,0.3686274509803922,0.9921568627450981,0.9882352941176471,0.01568627450980392,0.8431372549019608,0.0,0.0,0.9921568627450981,0.9882352941176471
272,1.0,0.0,0.9921568627450981,0.9882352941176471,0.0,0.48627450980392156,0.0,0.0,0.9137254901960784,0.5882352941176471
273,0.6588235294117647,0.0,0.9490196078431372,0.6745098039215687,0.0,0.28627450980392155,0.0,0.0,0.03137254901960784,0.0
274,0.0,0.0,0.3333333333333333,0.027450980392156862,0.0,0.027450980392156862,0.0,0.0,0.0,0.0
275,0.0,0.0,0.0,0.0,0.0,0.0,0.0,0.0,0.0,0.0
276,0.0,0.0,0.0,0.0,0.0,0.0,0.0,0.0,0.0,0.0
277,0.0,0.0,0.0,0.0,0.0,0.0,0.0,0.0,0.0,0.0
278,0.0,0.0,0.0,0.0,0.0,0.0,0.0,0.0,0.0,0.0
279,0.0,0.0,0.0,0.0,0.0,0.0,0.0,0.0,0.0,0.0
280,0.0,0.0,0.0,0.0,0.0,0.0,0.0,0.0,0.0,0.0
281,0.0,0.0,0.0,0.0,0.0,0.0,0.0,0.0,0.0,0.0
282,0.0,0.0,0.0,0.0,0.0,0.0,0.0,0.0,0.0,0.0
283,0.0,0.0,0.0,0.0,0.0,0.0,0.0,0.0,0.0,0.0
284,0.0,0.0,0.0,0.0,0.0,0.0,0.0,0.0,0.0,0.0
285,0.0,0.0,0.0,0.0,0.0,0.0,0.0,0.0392156862745098,0.0,0.0
286,0.0,0.0,0.0,0.0,0.0,0.0,0.0,0.0196078431372549,0.0,0.0
287,0.0,0.0,0.0,0.0,0.0,0.0,0.0,0.0,0.0,0.0
288,0.0,0.0,0.0,0.0,0.0,0.0,0.0,0.0,0.0,0.047058823529411764
289,0.18823529411764706,0.0,0.0,0.0,0.3411764705882353,0.0,0.0,0.0,0.0,0.8
290,0.9333333333333333,0.0,0.0,0.0,0.996078431372549,0.9176470588235294,0.06666666666666667,0.0,0.5450980392156862,0.9882352941176471
291,0.9882352941176471,0.0,0.0,0.0,0.9215686274509803,0.9921568627450981,0.9098039215686274,0.0,0.996078431372549,0.9176470588235294
292,0.9882352941176471,0.0,0.0,0.0,0.0,0.9921568627450981,0.5215686274509804,0.0,0.8745098039215686,0.596078431372549
293,0.7019607843137254,0.0,0.0,0.0,0.0,0.9921568627450981,0.0,0.0,0.09803921568627451,0.17254901960784313
294,0.047058823529411764,0.0,0.0,0.0,0.0,0.9921568627450981,0.0,0.0,0.0,0.0
295,0.29411764705882354,0.6078431372549019,0.0196078431372549,0.0,0.0,0.9921568627450981,0.0,0.01568627450980392,0.0,0.0
296,0.4745098039215686,0.9921568627450981,0.5450980392156862,0.0,0.44313725490196076,0.9921568627450981,0.0,0.7568627450980392,0.1411764705882353,0.18823529411764706
297,0.08235294117647059,0.9921568627450981,0.8784313725490196,0.3333333333333333,0.996078431372549,0.7647058823529411,0.0,0.996078431372549,0.6666666666666666,0.8823529411764706
298,0.0,0.7411764705882353,0.9921568627450981,0.9529411764705882,0.7137254901960784,0.2,0.0,0.5450980392156862,0.996078431372549,0.9882352941176471
299,0.0,0.0,0.9921568627450981,0.9882352941176471,0.0,0.0,0.0,0.0,0.9568627450980393,0.7058823529411765
300,0.9921568627450981,0.0,0.9921568627450981,0.9882352941176471,0.0,0.0,0.0,0.0,0.41568627450980394,0.06274509803921569
301,0.9529411764705882,0.0,0.4117647058823529,0.5647058823529412,0.0,0.0,0.0,0.0,0.0,0.0
302,0.19607843137254902,0.0,0.0,0.0,0.0,0.0,0.0,0.0,0.0,0.0
303,0.0,0.0,0.0,0.0,0.0,0.0,0.0,0.0,0.0,0.0
304,0.0,0.0,0.0,0.0,0.0,0.0,0.0,0.0,0.0,0.0
305,0.0,0.0,0.0,0.0,0.0,0.0,0.0,0.0,0.0,0.0
306,0.0,0.0,0.0,0.0,0.0,0.0,0.0,0.0,0.0,0.0
307,0.0,0.0,0.0,0.0,0.0,0.0,0.0,0.0,0.0,0.0
308,0.0,0.0,0.0,0.0,0.0,0.0,0.0,0.0,0.0,0.0
309,0.0,0.0,0.0,0.0,0.0,0.0,0.0,0.0,0.0,0.0
310,0.0,0.0,0.0,0.0,0.0,0.0,0.0,0.0,0.0,0.0
311,0.0,0.0,0.0,0.0,0.0,0.0,0.0,0.0,0.0,0.0
312,0.0,0.0,0.0,0.0,0.0,0.0,0.0,0.0,0.0,0.0
313,0.0,0.0,0.0,0.0,0.0,0.0,0.0,0.0,0.0,0.0
314,0.0,0.0,0.0,0.0,0.0,0.0,0.0,0.0,0.0,0.0
315,0.0,0.0,0.0,0.0,0.0,0.0,0.0,0.0,0.0,0.047058823529411764
316,0.14901960784313725,0.0,0.0,0.0,0.0,0.0,0.0,0.0,0.0,0.6431372549019608
317,0.6470588235294118,0.0,0.0,0.0,0.3411764705882353,0.0,0.0,0.0,0.0,0.9882352941176471
318,0.9921568627450981,0.0,0.0,0.0,0.996078431372549,0.9176470588235294,0.5215686274509804,0.0,0.21568627450980393,0.9098039215686274
319,0.9137254901960784,0.0,0.0,0.0,0.6980392156862745,0.9921568627450981,0.996078431372549,0.0,0.8313725490196079,0.23921568627450981
320,0.8156862745098039,0.0,0.0,0.0,0.0,0.9882352941176471,0.4117647058823529,0.0,0.9921568627450981,0.0
321,0.32941176470588235,0.0,0.0,0.0,0.0,0.8313725490196079,0.0,0.0,0.6313725490196078,0.0
322,0.0,0.0784313725490196,0.2549019607843137,0.0,0.0,0.5254901960784314,0.0,0.0,0.043137254901960784,0.0
323,0.0,0.9921568627450981,0.6980392156862745,0.0,0.0,0.44313725490196076,0.0,0.058823529411764705,0.10196078431372549,0.023529411764705882
324,0.0,0.984313725490196,0.9921568627450981,0.34509803921568627,0.5490196078431373,0.12156862745098039,0.0,0.996078431372549,0.6980392156862745,0.7019607843137254
325,0.0,0.9215686274509803,0.9921568627450981,0.7411764705882353,0.996078431372549,0.050980392156862744,0.0,0.996078431372549,0.9921568627450981,0.9882352941176471
326,0.0,0.25882352941176473,0.9921568627450981,0.9882352941176471,0.49411764705882355,0.0,0.0,0.20784313725490197,0.9254901960784314,0.9882352941176471
327,0.0,0.0,0.9921568627450981,0.9882352941176471,0.0,0.0,0.0,0.0,0.44313725490196076,0.23529411764705882
328,0.9921568627450981,0.0,0.8588235294117647,0.9882352941176471,0.0,0.0,0.0,0.0,0.0,0.0
329,0.9882352941176471,0.0,0.09411764705882353,0.054901960784313725,0.0,0.0,0.0,0.0,0.0,0.0
330,0.6470588235294118,0.0,0.0,0.0,0.0,0.0,0.0,0.0,0.0,0.0
331,0.0,0.0,0.0,0.0,0.0,0.0,0.0,0.0,0.0,0.0
332,0.0,0.0,0.0,0.0,0.0,0.0,0.0,0.0,0.0,0.0
333,0.0,0.0,0.0,0.0,0.0,0.0,0.0,0.0,0.0,0.0
334,0.0,0.0,0.0,0.0,0.0,0.0,0.0,0.0,0.0,0.0
335,0.0,0.0,0.0,0.0,0.0,0.0,0.0,0.0,0.0,0.0
336,0.0,0.0,0.0,0.0,0.0,0.0,0.0,0.0,0.0,0.0
337,0.0,0.0,0.0,0.0,0.0,0.0,0.0,0.0,0.0,0.0
338,0.0,0.0,0.0,0.0,0.0,0.0,0.0,0.0,0.0,0.0
339,0.0,0.0,0.0,0.0,0.0,0.0,0.0,0.0,0.0,0.0
340,0.0,0.0,0.0,0.0,0.0,0.0,0.0,0.0,0.0,0.0
341,0.0,0.0,0.0,0.0,0.0,0.0,0.0,0.0,0.0,0.0
342,0.0,0.0,0.0,0.0,0.0,0.0,0.0,0.0,0.0,0.0
343,0.027450980392156862,0.0,0.0,0.0,0.0,0.0,0.0,0.0,0.0,0.19215686274509805
344,0.6980392156862745,0.0,0.0,0.0,0.00784313725490196,0.0,0.0,0.0,0.0,0.9882352941176471
345,0.9882352941176471,0.0,0.0,0.0,0.6745098039215687,0.0,0.0,0.0,0.0,0.9882352941176471
346,0.9411764705882353,0.0,0.0,0.0,0.996078431372549,0.8156862745098039,0.8470588235294118,0.0,0.027450980392156862,0.2980392156862745
347,0.2784313725490196,0.0,0.0,0.0,0.5137254901960784,0.9921568627450981,0.996078431372549,0.0,0.6078431372549019,0.0
348,0.07450980392156863,0.0,0.0,0.0,0.0,0.9490196078431372,0.10588235294117647,0.0,0.9921568627450981,0.0
349,0.10980392156862745,0.12549019607843137,0.3803921568627451,0.0,0.0,0.08627450980392157,0.0,0.0,0.8941176470588236,0.0
350,0.0,0.803921568627451,0.9803921568627451,0.3568627450980392,0.0,0.0,0.0,0.0,0.3137254901960784,0.17254901960784313
351,0.0,0.9921568627450981,0.9921568627450981,0.8313725490196079,0.0,0.0,0.0,0.058823529411764705,0.8745098039215686,0.7803921568627451
352,0.0,0.984313725490196,0.9921568627450981,0.9686274509803922,0.8627450980392157,0.0,0.0,0.996078431372549,0.9921568627450981,0.9882352941176471
353,0.0,0.49411764705882355,0.9921568627450981,0.9882352941176471,0.996078431372549,0.0,0.0,0.996078431372549,0.9921568627450981,0.9882352941176471
354,0.0,0.0,0.9921568627450981,0.9882352941176471,0.3137254901960784,0.0,0.0,0.20784313725490197,0.42745098039215684,0.9882352941176471
355,0.0,0.0,0.4980392156862745,0.9882352941176471,0.0,0.0,0.0,0.0,0.0,0.23529411764705882
356,0.9921568627450981,0.0,0.1843137254901961,0.8,0.0,0.0,0.0,0.0,0.0,0.0
357,0.9882352941176471,0.0,0.0,0.03529411764705882,0.0,0.0,0.0,0.0,0.0,0.0
358,0.7647058823529411,0.0,0.0,0.0,0.0,0.0,0.0,0.0,0.0,0.0
359,0.0,0.0,0.0,0.0,0.0,0.0,0.0,0.0,0.0,0.0
360,0.0,0.0,0.0,0.0,0.0,0.0,0.0,0.0,0.0,0.0
361,0.0,0.0,0.0,0.0,0.0,0.0,0.0,0.0,0.0,0.0
362,0.0,0.0,0.0,0.0,0.0,0.0,0.0,0.0,0.0,0.0
363,0.0,0.0,0.0,0.0,0.0,0.0,0.0,0.0,0.0,0.0
364,0.0,0.0,0.0,0.0,0.0,0.0,0.0,0.0,0.0,0.0
365,0.0,0.0,0.0,0.0,0.0,0.0,0.0,0.0,0.0,0.0
366,0.0,0.0,0.0,0.0,0.0,0.0,0.0,0.0,0.0,0.0
367,0.0,0.0,0.0,0.0,0.0,0.0,0.0,0.0,0.0,0.0
368,0.0,0.0,0.0,0.0,0.0,0.0,0.0,0.0,0.0,0.0
369,0.0,0.0,0.0,0.0,0.0,0.0,0.0,0.0,0.0,0.0
370,0.0,0.0,0.0,0.0,0.0,0.0,0.0,0.0,0.0,0.0
371,0.2235294117647059,0.0,0.0,0.0,0.0,0.0,0.0,0.0,0.0,0.34901960784313724
372,0.9882352941176471,0.0,0.0,0.0,0.3607843137254902,0.0,0.0,0.0,0.0,0.9882352941176471
373,0.9882352941176471,0.0,0.0,0.12549019607843137,0.996078431372549,0.0,0.07058823529411765,0.0,0.0,0.8941176470588236
374,0.24705882352941178,0.0,0.0,0.49019607843137253,0.8509803921568627,0.16862745098039217,0.8901960784313725,0.0,0.0,0.12549019607843137
375,0.0,0.0,0.1803921568627451,0.7568627450980392,0.050980392156862744,0.9882352941176471,0.7607843137254902,0.0,0.5529411764705883,0.0
376,0.0,0.0,0.49019607843137253,0.7568627450980392,0.0,0.9921568627450981,0.011764705882352941,0.0,0.9921568627450981,0.0
377,0.0,0.40784313725490196,0.9803921568627451,0.7568627450980392,0.0,0.5176470588235295,0.0,0.0,0.9921568627450981,0.38823529411764707
378,0.0,0.984313725490196,0.9921568627450981,0.9921568627450981,0.0,0.0,0.0,0.0,0.9921568627450981,0.9058823529411765
379,0.0,0.9921568627450981,0.9921568627450981,0.9882352941176471,0.09803921568627451,0.0,0.0,0.37254901960784315,0.996078431372549,0.9568627450980393
380,0.0,0.7215686274509804,0.9921568627450981,0.9882352941176471,0.9490196078431372,0.0,0.0,0.996078431372549,0.9921568627450981,0.8627450980392157
381,0.0,0.058823529411764705,0.9607843137254902,0.9882352941176471,0.9607843137254902,0.0,0.0,0.996078431372549,0.6039215686274509,0.9882352941176471
382,0.0,0.0,0.6705882352941176,0.9333333333333333,0.0,0.0,0.0,0.20784313725490197,0.11372549019607843,0.796078431372549
383,0.0,0.0,0.12941176470588237,0.4,0.0,0.0,0.11764705882352941,0.0,0.0,0.047058823529411764
384,0.9921568627450981,0.0,0.0,0.10980392156862745,0.0,0.0,0.0,0.0,0.0,0.0
385,0.9882352941176471,0.0,0.0,0.0,0.0,0.0,0.0,0.0,0.0,0.0
386,0.7647058823529411,0.0,0.0,0.0,0.0,0.0,0.0,0.0,0.0,0.0
387,0.0,0.0,0.0,0.0,0.0,0.0,0.0,0.0,0.0,0.0
388,0.0,0.0,0.0,0.0,0.0,0.0,0.0,0.0,0.0,0.0
389,0.0,0.0,0.0,0.0,0.0,0.0,0.0,0.0,0.0,0.0
390,0.0,0.0,0.0,0.0,0.0,0.0,0.0,0.0,0.0,0.0
391,0.0,0.0,0.0,0.0,0.0,0.0,0.0,0.0,0.0,0.0
392,0.0,0.0,0.0,0.0,0.0,0.0,0.0,0.0,0.0,0.0
393,0.0,0.0,0.0,0.0,0.0,0.0,0.0,0.0,0.0,0.0
394,0.0,0.0,0.0,0.0,0.0,0.0,0.0,0.0,0.0,0.0
395,0.0,0.0,0.0,0.0,0.0,0.0,0.0,0.0,0.0,0.0
396,0.0,0.0,0.0,0.0,0.0,0.0,0.0,0.0,0.0,0.0
397,0.0,0.0,0.0,0.0,0.0,0.0,0.0,0.0,0.0,0.0
398,0.0,0.0,0.0,0.0,0.0,0.0,0.0,0.0,0.0,0.0
399,0.7764705882352941,0.0,0.0,0.0,0.0,0.0,0.0,0.0,0.0,0.6627450980392157
400,0.9921568627450981,0.0,0.0,0.17647058823529413,0.6862745098039216,0.0,0.0,0.0,0.0,0.9882352941176471
401,0.7450980392156863,0.0,0.0196078431372549,0.8705882352941177,0.996078431372549,0.0,0.22745098039215686,0.0,0.0,0.8117647058823529
402,0.0,0.0,0.1607843137254902,0.9882352941176471,0.9098039215686274,0.0,0.996078431372549,0.0,0.0,0.3803921568627451
403,0.0,0.0,0.8509803921568627,0.9882352941176471,0.5647058823529412,0.44313725490196076,0.45098039215686275,0.0,0.43137254901960786,0.3803921568627451
404,0.0,0.3137254901960784,0.9921568627450981,0.9882352941176471,0.5647058823529412,0.9921568627450981,0.0,0.0,0.9921568627450981,0.807843137254902
405,0.0,0.9411764705882353,0.9921568627450981,0.9882352941176471,0.5647058823529412,0.8980392156862745,0.0,0.0,0.9921568627450981,0.9176470588235294
406,0.0,0.984313725490196,0.9803921568627451,0.9921568627450981,0.5647058823529412,0.1843137254901961,0.0,0.0,0.9921568627450981,0.9529411764705882
407,0.0,0.7568627450980392,0.9607843137254902,0.9882352941176471,0.8392156862745098,0.0,0.0,0.4392156862745098,0.996078431372549,0.12549019607843137
408,0.0,0.09019607843137255,0.9607843137254902,0.9882352941176471,0.996078431372549,0.0,0.09803921568627451,0.996078431372549,0.7019607843137254,0.615686274509804
409,0.0,0.0,0.45098039215686275,0.9882352941176471,0.6,0.0,0.5450980392156862,0.8784313725490196,0.14901960784313725,0.9882352941176471
410,0.0,0.0,0.0,0.6941176470588235,0.0,0.0,0.6078431372549019,0.06274509803921569,0.0,0.5686274509803921
411,0.0,0.0,0.0,0.0,0.0,0.0,0.9490196078431372,0.0,0.0,0.0
412,1.0,0.0,0.0,0.0,0.0,0.0,0.9215686274509803,0.29411764705882354,0.0,0.0
413,0.9921568627450981,0.0,0.0,0.0,0.0,0.0,0.5019607843137255,0.3254901960784314,0.0,0.0
414,0.7686274509803922,0.0,0.0,0.0,0.0,0.0,0.0,0.3254901960784314,0.0,0.0
415,0.0,0.0,0.0,0.0,0.0,0.0,0.0,0.3254901960784314,0.0,0.0
416,0.0,0.0,0.0,0.0,0.0,0.0,0.0,0.3254901960784314,0.0,0.0
417,0.0,0.0,0.0,0.0,0.0,0.0,0.0,0.0,0.0,0.0
418,0.0,0.0,0.0,0.0,0.0,0.0,0.0,0.0,0.0,0.0
419,0.0,0.0,0.0,0.0,0.0,0.0,0.0,0.0,0.0,0.0
420,0.0,0.0,0.0,0.0,0.0,0.0,0.0,0.0,0.0,0.0
421,0.0,0.0,0.0,0.0,0.0,0.0,0.0,0.0,0.0,0.0
422,0.0,0.0,0.0,0.0,0.0,0.0,0.0,0.0,0.0,0.0
423,0.0,0.0,0.0,0.0,0.0,0.0,0.0,0.0,0.0,0.0
424,0.0,0.0,0.0,0.0,0.0,0.0,0.0,0.0,0.0,0.0
425,0.0,0.0,0.0,0.0,0.0,0.0,0.0,0.0,0.0,0.0
426,0.2980392156862745,0.0,0.0,0.0,0.0,0.0,0.0,0.0,0.0,0.0
427,0.9647058823529412,0.0,0.0,0.0,0.0,0.0,0.0,0.0,0.0,0.23529411764705882
428,0.9882352941176471,0.0,0.0,0.17647058823529413,0.8274509803921568,0.0,0.0,0.0,0.0,0.9882352941176471
429,0.4392156862745098,0.0,0.48627450980392156,0.8745098039215686,0.996078431372549,0.0,0.22745098039215686,0.0,0.0,0.9882352941176471
430,0.0,0.0,0.9921568627450981,0.9921568627450981,0.996078431372549,0.0,0.996078431372549,0.0,0.011764705882352941,0.9882352941176471
431,0.0,0.12549019607843137,0.9921568627450981,0.9921568627450981,0.996078431372549,0.058823529411764705,0.29411764705882354,0.0,0.6705882352941176,0.9882352941176471
432,0.0,0.9921568627450981,0.9921568627450981,0.9921568627450981,0.996078431372549,0.5725490196078431,0.0,0.1607843137254902,0.996078431372549,0.9882352941176471
433,0.0,0.9921568627450981,0.7529411764705882,0.9921568627450981,0.996078431372549,0.9921568627450981,0.0,0.19215686274509805,0.996078431372549,0.7843137254901961
434,0.0,0.9921568627450981,0.4117647058823529,1.0,0.996078431372549,0.7254901960784313,0.0,0.2627450980392157,0.996078431372549,0.08627450980392157
435,0.0,0.6235294117647059,0.0,0.9921568627450981,0.996078431372549,0.0,0.3254901960784314,0.8980392156862745,0.7019607843137254,0.043137254901960784
436,0.0,0.0,0.0,0.9921568627450981,0.996078431372549,0.0,0.8784313725490196,0.996078431372549,0.0,0.7764705882352941
437,0.0,0.0,0.0,0.9921568627450981,0.5607843137254902,0.0,0.984313725490196,0.9882352941176471,0.0,0.9058823529411765
438,0.0,0.0,0.0,0.9921568627450981,0.0,0.0,0.6078431372549019,0.9450980392156862,0.0,0.1607843137254902
439,0.0,0.0,0.0,0.2901960784313726,0.0,0.0,0.596078431372549,0.9450980392156862,0.0,0.0
440,0.9921568627450981,0.0,0.0,0.0,0.0,0.0,0.996078431372549,0.9921568627450981,0.0,0.0
441,0.9882352941176471,0.0,0.0,0.0,0.0,0.0,0.8274509803921568,0.996078431372549,0.0,0.0
442,0.5803921568627451,0.0,0.0,0.0,0.0,0.0,0.0,0.9490196078431372,0.0,0.0
443,0.0,0.0,0.0,0.0,0.0,0.0,0.0,0.7568627450980392,0.0,0.0
444,0.0,0.0,0.0,0.0,0.0,0.0,0.0,0.43529411764705883,0.0,0.0
445,0.0,0.0,0.0,0.0,0.0,0.0,0.0,0.0,0.0,0.0
446,0.0,0.0,0.0,0.0,0.0,0.0,0.0,0.0,0.0,0.0
447,0.0,0.0,0.0,0.0,0.0,0.0,0.0,0.0,0.0,0.0
448,0.0,0.0,0.0,0.0,0.0,0.0,0.0,0.0,0.0,0.0
449,0.0,0.0,0.0,0.0,0.0,0.0,0.0,0.0,0.0,0.0
450,0.0,0.0,0.0,0.0,0.0,0.0,0.0,0.0,0.0,0.0
451,0.0,0.0,0.0,0.0,0.0,0.0,0.0,0.0,0.0,0.0
452,0.0,0.0,0.0,0.0,0.0,0.0,0.0,0.0,0.0,0.0
453,0.0,0.0,0.0,0.0,0.0,0.0,0.0,0.0,0.0,0.0
454,0.3333333333333333,0.0,0.0,0.0,0.0,0.0,0.0,0.0,0.0,0.0
455,0.9882352941176471,0.0,0.043137254901960784,0.0,0.0,0.0,0.0,0.043137254901960784,0.0,0.10196078431372549
456,0.9019607843137255,0.0,0.1843137254901961,0.0,0.3333333333333333,0.0,0.0,0.2901960784313726,0.0,0.5137254901960784
457,0.09803921568627451,0.0,0.8627450980392157,0.12156862745098039,0.6941176470588235,0.0,0.22745098039215686,0.4392156862745098,0.0,0.8784313725490196
458,0.0,0.0,0.9921568627450981,0.4823529411764706,0.6941176470588235,0.0,0.996078431372549,0.7058823529411765,0.6705882352941176,0.9882352941176471
459,0.0,0.592156862745098,0.9921568627450981,0.20392156862745098,0.6941176470588235,0.0,0.40784313725490196,0.8117647058823529,0.9921568627450981,0.9882352941176471
460,0.0,0.984313725490196,0.7372549019607844,0.17254901960784313,0.6941176470588235,0.03529411764705882,0.0,0.9686274509803922,0.9921568627450981,0.5568627450980392
461,0.0,0.984313725490196,0.09803921568627451,0.17254901960784313,0.6941176470588235,0.7294117647058823,0.0,0.996078431372549,0.9921568627450981,0.043137254901960784
462,0.0,0.984313725490196,0.0,0.17254901960784313,0.7137254901960784,0.984313725490196,0.3215686274509804,0.996078431372549,0.9921568627450981,0.0
463,0.0,0.15294117647058825,0.0,0.17254901960784313,0.996078431372549,0.2901960784313726,0.9764705882352941,0.996078431372549,0.6980392156862745,0.3215686274509804
464,0.0,0.0,0.0,0.5607843137254902,0.996078431372549,0.0,0.8509803921568627,0.996078431372549,0.0,0.9882352941176471
465,0.0,0.0,0.0,0.9882352941176471,0.20784313725490197,0.0,0.23529411764705882,0.9882352941176471,0.0,0.8
466,0.027450980392156862,0.0,0.0,0.9882352941176471,0.0,0.0,0.0,0.9411764705882353,0.0,0.0
467,0.5294117647058824,0.0,0.0,0.2901960784313726,0.0,0.0,0.1450980392156863,0.8352941176470589,0.0,0.0
468,0.9921568627450981,0.0,0.0,0.0,0.0,0.0,0.996078431372549,0.5607843137254902,0.0,0.0
469,0.7294117647058823,0.0,0.0,0.0,0.0,0.0,0.47058823529411764,0.27058823529411763,0.0,0.0
470,0.047058823529411764,0.0,0.0,0.0,0.0,0.0,0.0,0.13725490196078433,0.0,0.0
471,0.0,0.0,0.0,0.0,0.0,0.0,0.0,0.0,0.0,0.0
472,0.0,0.0,0.0,0.0,0.0,0.0,0.0,0.0,0.0,0.0
473,0.0,0.0,0.0,0.0,0.0,0.0,0.0,0.0,0.0,0.0
474,0.0,0.0,0.0,0.0,0.0,0.0,0.0,0.0,0.0,0.0
475,0.0,0.0,0.0,0.0,0.0,0.0,0.0,0.0,0.0,0.0
476,0.0,0.0,0.0,0.0,0.0,0.0,0.0,0.0,0.0,0.0
477,0.0,0.0,0.0,0.0,0.0,0.0,0.0,0.0,0.0,0.0
478,0.0,0.0,0.0,0.0,0.0,0.0,0.0,0.0,0.0,0.0
479,0.0,0.0,0.0,0.0,0.0,0.0,0.0,0.0,0.0,0.0
480,0.0,0.0,0.0,0.0,0.0,0.0,0.0,0.0,0.0,0.0
481,0.0,0.0,0.0,0.0,0.0,0.0,0.0,0.0,0.0,0.0
482,0.3333333333333333,0.0,0.0,0.0,0.0,0.0,0.0,0.0784313725490196,0.0,0.0
483,0.9882352941176471,0.0,0.4196078431372549,0.0,0.0,0.0,0.0,0.9137254901960784,0.0,0.0
484,0.8745098039215686,0.0,0.9921568627450981,0.0,0.0,0.0,0.0,0.996078431372549,0.10196078431372549,0.0
485,0.0,0.0,0.9921568627450981,0.0,0.0,0.0,0.22745098039215686,0.996078431372549,0.4823529411764706,0.0
486,0.0,0.18823529411764706,0.9921568627450981,0.0,0.0,0.0,0.996078431372549,0.996078431372549,0.996078431372549,0.0
487,0.0,0.8666666666666667,0.7411764705882353,0.0,0.0,0.0,0.2823529411764706,0.996078431372549,0.9921568627450981,0.0
488,0.0,0.984313725490196,0.050980392156862744,0.0,0.0,0.0,0.0,0.996078431372549,0.796078431372549,0.0
489,0.0,0.984313725490196,0.0,0.0,0.0,0.24705882352941178,0.07058823529411765,0.996078431372549,0.611764705882353,0.0
490,0.0,0.6745098039215687,0.0,0.0,0.0392156862745098,0.9921568627450981,0.9686274509803922,0.8823529411764706,0.9921568627450981,0.050980392156862744
491,0.0,0.0,0.0,0.0,0.8784313725490196,0.9450980392156862,0.6235294117647059,0.996078431372549,0.7843137254901961,0.9921568627450981
492,0.0,0.0,0.0,0.058823529411764705,0.996078431372549,0.43137254901960786,0.054901960784313725,0.996078431372549,0.0,0.9921568627450981
493,0.027450980392156862,0.0,0.0,0.9882352941176471,0.20784313725490197,0.00784313725490196,0.0,0.3137254901960784,0.0,0.5529411764705883
494,0.5137254901960784,0.0,0.0,0.9882352941176471,0.0,0.0,0.027450980392156862,0.0,0.0,0.0
495,0.9882352941176471,0.0,0.0,0.2901960784313726,0.0,0.0,0.788235294117647,0.0,0.0,0.0
496,0.8823529411764706,0.0,0.0,0.0,0.0,0.0,0.996078431372549,0.0,0.0,0.0
497,0.2784313725490196,0.0,0.0,0.0,0.0,0.0,0.27058823529411763,0.0,0.0,0.0
498,0.0,0.0,0.0,0.0,0.0,0.0,0.0,0.0,0.0,0.0
499,0.0,0.0,0.0,0.0,0.0,0.0,0.0,0.0,0.0,0.0
500,0.0,0.0,0.0,0.0,0.0,0.0,0.0,0.0,0.0,0.0
501,0.0,0.0,0.0,0.0,0.0,0.0,0.0,0.0,0.0,0.0
502,0.0,0.0,0.0,0.0,0.0,0.0,0.0,0.0,0.0,0.0
503,0.0,0.0,0.0,0.0,0.0,0.0,0.0,0.0,0.0,0.0
504,0.0,0.0,0.0,0.0,0.0,0.0,0.0,0.0,0.0,0.0
505,0.0,0.0,0.0,0.0,0.0,0.0,0.0,0.0,0.0,0.0
506,0.0,0.0,0.0,0.0,0.0,0.0,0.0,0.0,0.0,0.0
507,0.0,0.0,0.0,0.0,0.0,0.0,0.0,0.0,0.0,0.0
508,0.0,0.0,0.0,0.0,0.0,0.0,0.0,0.0,0.0,0.0
509,0.0,0.0,0.0,0.0,0.0,0.0,0.0,0.0,0.0,0.0
510,0.3333333333333333,0.0,0.1607843137254902,0.0,0.0,0.0,0.0,0.054901960784313725,0.0,0.0
511,0.9882352941176471,0.0,0.8823529411764706,0.0,0.0,0.0,0.0,0.8549019607843137,0.0,0.0
512,0.5686274509803921,0.0,0.9921568627450981,0.0,0.0,0.0,0.0,0.996078431372549,0.36470588235294116,0.0
513,0.0,0.0,0.9921568627450981,0.0,0.0,0.0,0.13725490196078433,0.5294117647058824,0.9921568627450981,0.0
514,0.0,0.9176470588235294,0.7294117647058823,0.0,0.0,0.0,0.9372549019607843,0.45098039215686275,0.996078431372549,0.0
515,0.0,0.984313725490196,0.08627450980392157,0.0,0.0,0.0,0.5764705882352941,0.08627450980392157,0.4745098039215686,0.0
516,0.0,0.984313725490196,0.0,0.0,0.0,0.0,0.00392156862745098,0.07450980392156863,0.050980392156862744,0.0
517,0.0,0.7686274509803922,0.0,0.0,0.0,0.01568627450980392,0.0196078431372549,0.07450980392156863,0.36470588235294116,0.0
518,0.0,0.047058823529411764,0.0,0.0,0.21568627450980393,0.6274509803921569,0.6078431372549019,0.11764705882352941,0.9921568627450981,0.3215686274509804
519,0.0,0.0,0.0,0.0,0.996078431372549,0.9921568627450981,0.2823529411764706,0.8980392156862745,0.6196078431372549,0.9882352941176471
520,0.18823529411764706,0.0,0.0,0.33725490196078434,0.9137254901960784,0.9921568627450981,0.0,0.996078431372549,0.0,0.8627450980392157
521,0.6470588235294118,0.0,0.12156862745098039,0.9882352941176471,0.12156862745098039,0.06666666666666667,0.01568627450980392,0.07450980392156863,0.0,0.1411764705882353
522,0.9882352941176471,0.0,0.16470588235294117,0.9882352941176471,0.0,0.0,0.7568627450980392,0.0,0.0,0.0
523,0.6784313725490196,0.0,0.6823529411764706,0.2901960784313726,0.0,0.0,0.9921568627450981,0.0,0.0,0.0
524,0.0,0.0,0.803921568627451,0.0,0.0,0.0,0.47843137254901963,0.0,0.0,0.0
525,0.0,0.0,0.803921568627451,0.0,0.0,0.0,0.023529411764705882,0.0,0.0,0.0
526,0.0,0.0,0.803921568627451,0.0,0.0,0.0,0.0,0.0,0.0,0.0
527,0.0,0.0,0.7568627450980392,0.0,0.0,0.0,0.0,0.0,0.0,0.0
528,0.0,0.0,0.22745098039215686,0.0,0.0,0.0,0.0,0.0,0.0,0.0
529,0.0,0.0,0.0,0.0,0.0,0.0,0.0,0.0,0.0,0.0
530,0.0,0.0,0.0,0.0,0.0,0.0,0.0,0.0,0.0,0.0
531,0.0,0.0,0.0,0.0,0.0,0.0,0.0,0.0,0.0,0.0
532,0.0,0.0,0.0,0.0,0.0,0.0,0.0,0.0,0.0,0.0
533,0.0,0.0,0.0,0.0,0.0,0.0,0.0,0.0,0.0,0.0
534,0.0,0.0,0.0,0.0,0.0,0.0,0.0,0.0,0.0,0.0
535,0.0,0.0,0.0,0.0,0.0,0.0,0.0,0.0,0.0,0.0
536,0.0,0.0,0.0,0.0,0.0,0.0,0.0,0.0,0.0,0.0
537,0.0,0.0,0.18823529411764706,0.0,0.0,0.0,0.0,0.0,0.0,0.0
538,0.33725490196078434,0.0,0.8549019607843137,0.0196078431372549,0.0,0.35294117647058826,0.0,0.0,0.0,0.0
539,0.9921568627450981,0.0,0.9921568627450981,0.29411764705882354,0.0,0.34509803921568627,0.0,0.2901960784313726,0.25098039215686274,0.0
540,0.8823529411764706,0.0,0.9921568627450981,0.03529411764705882,0.0,0.01568627450980392,0.0,0.3568627450980392,0.9372549019607843,0.0
541,0.0,0.0,0.9921568627450981,0.0,0.0,0.0,0.0,0.03137254901960784,0.9921568627450981,0.0
542,0.0,0.9921568627450981,0.5882352941176471,0.0,0.0,0.0,0.8470588235294118,0.0,0.2980392156862745,0.0
543,0.0,0.984313725490196,0.23137254901960785,0.0,0.0,0.0,0.996078431372549,0.0,0.03137254901960784,0.0
544,0.0,0.984313725490196,0.0,0.0,0.0,0.0,0.3803921568627451,0.0,0.12549019607843137,0.0
545,0.0,0.34901960784313724,0.0,0.0,0.0,0.0,0.0,0.0,0.8588235294117647,0.0
546,0.0,0.0,0.5019607843137255,0.0,0.5411764705882353,0.13725490196078433,0.0,0.0,0.9921568627450981,0.8156862745098039
547,0.4470588235294118,0.0,0.5137254901960784,0.3843137254901961,0.996078431372549,0.9921568627450981,0.050980392156862744,0.8117647058823529,0.49411764705882355,0.9882352941176471
548,0.9333333333333333,0.0,0.5137254901960784,0.9490196078431372,0.45098039215686275,0.9921568627450981,0.28627450980392155,0.996078431372549,0.0,0.3764705882352941
549,0.9921568627450981,0.0,0.8705882352941177,0.9882352941176471,0.0,0.42745098039215684,0.8823529411764706,0.07450980392156863,0.0,0.0
550,0.6352941176470588,0.0,0.9921568627450981,0.9882352941176471,0.0,0.0,0.996078431372549,0.0,0.0,0.0
551,0.0,0.0,0.9921568627450981,0.2901960784313726,0.0,0.0,0.4745098039215686,0.0,0.0,0.0
552,0.0,0.0,0.9921568627450981,0.0,0.0,0.0,0.0,0.0,0.0,0.0
553,0.0,0.0,0.9921568627450981,0.0,0.0,0.0,0.0,0.0,0.0,0.0
554,0.0,0.0,0.9921568627450981,0.0,0.0,0.0,0.0,0.0,0.0,0.0
555,0.0,0.0,0.3686274509803922,0.0,0.0,0.0,0.0,0.0,0.0,0.0
556,0.0,0.0,0.0,0.0,0.0,0.0,0.0,0.0,0.0,0.0
557,0.0,0.0,0.0,0.0,0.0,0.0,0.0,0.0,0.0,0.0
558,0.0,0.0,0.0,0.0,0.0,0.0,0.0,0.0,0.0,0.0
559,0.0,0.0,0.0,0.0,0.0,0.0,0.0,0.0,0.0,0.0
560,0.0,0.0,0.0,0.0,0.0,0.0,0.0,0.0,0.0,0.0
561,0.0,0.0,0.0,0.0,0.0,0.0,0.0,0.0,0.0,0.0
562,0.0,0.0,0.0,0.0,0.0,0.0,0.0,0.0,0.0,0.0
563,0.0,0.0,0.0,0.0,0.0,0.0,0.0,0.0,0.0,0.0
564,0.0,0.0,0.0,0.0,0.0,0.0,0.0,0.0,0.0,0.0
565,0.0,0.0,0.047058823529411764,0.23921568627450981,0.0,0.0,0.0,0.0,0.0,0.0
566,0.3333333333333333,0.0,0.596078431372549,0.7176470588235294,0.0,0.5882352941176471,0.0,0.0,0.0,0.0
567,0.9882352941176471,0.0,0.9921568627450981,0.9882352941176471,0.0,0.6549019607843137,0.0,0.0,0.5215686274509804,0.0
568,0.9764705882352941,0.0,0.9921568627450981,0.11372549019607843,0.0,0.08235294117647059,0.0,0.0,0.996078431372549,0.0
569,0.5725490196078431,0.6235294117647059,0.9921568627450981,0.0,0.0,0.08235294117647059,0.0,0.0,0.7490196078431373,0.0
570,0.18823529411764706,1.0,0.9921568627450981,0.0,0.0,0.050980392156862744,0.30980392156862746,0.0,0.0,0.0
571,0.11372549019607843,0.9921568627450981,0.9254901960784314,0.0,0.0,0.027450980392156862,0.9568627450980393,0.0,0.0196078431372549,0.0
572,0.3333333333333333,0.9921568627450981,0.8705882352941177,0.0,0.0,0.0392156862745098,0.9725490196078431,0.0,0.4235294117647059,0.0
573,0.6980392156862745,0.12156862745098039,0.8705882352941177,0.07058823529411765,0.0,0.1843137254901961,0.8862745098039215,0.0,0.9176470588235294,0.09411764705882353
574,0.8823529411764706,0.0,0.9882352941176471,0.3607843137254902,0.8117647058823529,0.5019607843137255,0.8862745098039215,0.0,0.996078431372549,0.9921568627450981
575,0.9921568627450981,0.0,0.9921568627450981,0.9372549019607843,1.0,0.9921568627450981,0.9058823529411765,0.8117647058823529,0.41568627450980394,0.9686274509803922
576,0.8745098039215686,0.0,0.9921568627450981,0.9882352941176471,0.45098039215686275,0.9921568627450981,0.996078431372549,0.996078431372549,0.0,0.3058823529411765
577,0.6549019607843137,0.0,0.9921568627450981,0.9882352941176471,0.0,0.792156862745098,0.9529411764705882,0.07450980392156863,0.0,0.0
578,0.2196078431372549,0.0,0.9921568627450981,0.9529411764705882,0.0,0.0,0.45098039215686275,0.0,0.0,0.0
579,0.0,0.0,0.9921568627450981,0.2549019607843137,0.0,0.0,0.023529411764705882,0.0,0.0,0.0
580,0.0,0.0,0.9921568627450981,0.0,0.0,0.0,0.0,0.0,0.0,0.0
581,0.0,0.0,0.9921568627450981,0.0,0.0,0.0,0.0,0.0,0.0,0.0
582,0.0,0.0,0.9921568627450981,0.0,0.0,0.0,0.0,0.0,0.0,0.0
583,0.0,0.0,0.47843137254901963,0.0,0.0,0.0,0.0,0.0,0.0,0.0
584,0.0,0.0,0.0,0.0,0.0,0.0,0.0,0.0,0.0,0.0
585,0.0,0.0,0.0,0.0,0.0,0.0,0.0,0.0,0.0,0.0
586,0.0,0.0,0.0,0.0,0.0,0.0,0.0,0.0,0.0,0.0
587,0.0,0.0,0.0,0.0,0.0,0.0,0.0,0.0,0.0,0.0
588,0.0,0.0,0.0,0.0,0.0,0.0,0.0,0.0,0.0,0.0
589,0.0,0.0,0.0,0.0,0.0,0.0,0.0,0.0,0.0,0.0
590,0.0,0.0,0.0,0.0,0.0,0.0,0.0,0.0,0.0,0.0
591,0.0,0.0,0.0,0.0,0.0,0.0,0.0,0.0,0.0,0.0
592,0.0,0.0,0.0,0.0,0.0,0.0,0.0,0.0,0.0,0.0
593,0.0,0.0,0.0,0.8156862745098039,0.0,0.0,0.0,0.0,0.0,0.0
594,0.3333333333333333,0.0,0.027450980392156862,0.9882352941176471,0.0,0.5882352941176471,0.0,0.0,0.0,0.0
595,0.9882352941176471,0.0,0.6549019607843137,0.9882352941176471,0.0,0.9921568627450981,0.0,0.0,0.5176470588235295,0.0
596,0.9882352941176471,0.18823529411764706,0.9921568627450981,0.5764705882352941,0.0,0.9921568627450981,0.0,0.0,0.9921568627450981,0.0
597,0.9882352941176471,0.8941176470588236,0.9921568627450981,0.5254901960784314,0.0,0.9921568627450981,0.0,0.0,0.7450980392156863,0.0
598,0.8980392156862745,0.9921568627450981,0.9921568627450981,0.5254901960784314,0.0,0.8627450980392157,0.0,0.0,0.0196078431372549,0.0
599,0.8431372549019608,0.9686274509803922,0.9921568627450981,0.5254901960784314,0.0,0.7686274509803922,0.4470588235294118,0.0,0.3333333333333333,0.0
600,0.9882352941176471,0.5490196078431373,0.9921568627450981,0.5254901960784314,0.0,0.8235294117647058,0.6941176470588235,0.0,0.9921568627450981,0.0
601,0.9882352941176471,0.03137254901960784,0.9921568627450981,0.796078431372549,0.0784313725490196,0.9921568627450981,0.996078431372549,0.0,0.9254901960784314,0.4745098039215686
602,0.9882352941176471,0.0,0.9921568627450981,0.9921568627450981,0.8862745098039215,0.9921568627450981,0.996078431372549,0.0,0.6039215686274509,0.9921568627450981
603,0.7686274509803922,0.0,0.9921568627450981,0.9882352941176471,0.996078431372549,0.9921568627450981,0.9215686274509803,0.7568627450980392,0.0,0.7803921568627451
604,0.5098039215686274,0.0,0.9921568627450981,0.9882352941176471,0.1568627450980392,0.9921568627450981,0.596078431372549,1.0,0.0,0.0
605,0.0,0.0,0.9921568627450981,0.7372549019607844,0.0,0.8313725490196079,0.16862745098039217,0.07450980392156863,0.0,0.0
606,0.0,0.0,0.9921568627450981,0.3254901960784314,0.0,0.0,0.0,0.0,0.0,0.0
607,0.0,0.0,0.9921568627450981,0.0,0.0,0.0,0.0,0.0,0.0,0.0
608,0.0,0.0,0.9921568627450981,0.0,0.0,0.0,0.0,0.0,0.0,0.0
609,0.0,0.0,0.48627450980392156,0.0,0.0,0.0,0.0,0.0,0.0,0.0
610,0.0,0.0,0.41568627450980394,0.0,0.0,0.0,0.0,0.0,0.0,0.0
611,0.0,0.0,0.027450980392156862,0.0,0.0,0.0,0.0,0.0,0.0,0.0
612,0.0,0.0,0.0,0.0,0.0,0.0,0.0,0.0,0.0,0.0
613,0.0,0.0,0.0,0.0,0.0,0.0,0.0,0.0,0.0,0.0
614,0.0,0.0,0.0,0.0,0.0,0.0,0.0,0.0,0.0,0.0
615,0.0,0.0,0.0,0.0,0.0,0.0,0.0,0.0,0.0,0.0
616,0.0,0.0,0.0,0.0,0.0,0.0,0.0,0.0,0.0,0.0
617,0.0,0.0,0.0,0.0,0.0,0.0,0.0,0.0,0.0,0.0
618,0.0,0.0,0.0,0.0,0.0,0.0,0.0,0.0,0.0,0.0
619,0.0,0.0,0.0,0.0,0.0,0.0,0.0,0.0,0.0,0.0
620,0.0,0.0,0.0,0.0,0.0,0.0,0.0,0.0,0.0,0.0
621,0.0,0.0,0.0,0.8156862745098039,0.0,0.0,0.0,0.0,0.0,0.0
622,0.10980392156862745,0.0,0.0,0.9882352941176471,0.0,0.3254901960784314,0.0,0.0,0.0,0.0
623,0.7803921568627451,0.0,0.2980392156862745,0.9882352941176471,0.0,0.8784313725490196,0.0,0.0,0.6,0.0
624,0.9882352941176471,0.25098039215686274,0.7372549019607844,0.9882352941176471,0.0,0.9921568627450981,0.0,0.0,0.9921568627450981,0.0
625,0.9882352941176471,0.984313725490196,0.9921568627450981,0.9882352941176471,0.0,0.9921568627450981,0.0,0.0,0.6627450980392157,0.0
626,0.9921568627450981,0.9921568627450981,0.9921568627450981,0.9882352941176471,0.0,0.9921568627450981,0.0,0.0,0.7529411764705882,0.0
627,0.9882352941176471,0.8627450980392157,0.9921568627450981,0.9882352941176471,0.0,0.9921568627450981,0.0,0.0,0.9921568627450981,0.0
628,0.9882352941176471,0.0,0.9921568627450981,0.9882352941176471,0.0,0.9921568627450981,0.0,0.0,0.9921568627450981,0.12549019607843137
629,0.9137254901960784,0.0,0.9921568627450981,0.9882352941176471,0.5333333333333333,0.9921568627450981,0.0,0.0,0.30196078431372547,0.8470588235294118
630,0.5686274509803921,0.0,0.9921568627450981,0.9921568627450981,0.996078431372549,0.9921568627450981,0.0,0.0,0.0,0.9568627450980393
631,0.0,0.0,0.9921568627450981,0.9019607843137255,0.7019607843137254,0.9921568627450981,0.0,0.4392156862745098,0.0,0.10196078431372549
632,0.0,0.0,0.8784313725490196,0.6,0.027450980392156862,0.9764705882352941,0.0,0.996078431372549,0.0,0.0
633,0.0,0.0,0.2235294117647059,0.03137254901960784,0.0,0.2980392156862745,0.0,0.07450980392156863,0.0,0.0
634,0.0,0.0,0.058823529411764705,0.0,0.0,0.0,0.0,0.0,0.0,0.0
635,0.0,0.0,0.058823529411764705,0.0,0.0,0.0,0.0,0.0,0.0,0.0
636,0.0,0.0,0.058823529411764705,0.0,0.0,0.0,0.0,0.0,0.0,0.0
637,0.0,0.0,0.00784313725490196,0.0,0.0,0.0,0.0,0.0,0.0,0.0
638,0.0,0.0,0.0,0.0,0.0,0.0,0.0,0.0,0.0,0.0
639,0.0,0.0,0.0,0.0,0.0,0.0,0.0,0.0,0.0,0.0
640,0.0,0.0,0.0,0.0,0.0,0.0,0.0,0.0,0.0,0.0
641,0.0,0.0,0.0,0.0,0.0,0.0,0.0,0.0,0.0,0.0
642,0.0,0.0,0.0,0.0,0.0,0.0,0.0,0.0,0.0,0.0
643,0.0,0.0,0.0,0.0,0.0,0.0,0.0,0.0,0.0,0.0
644,0.0,0.0,0.0,0.0,0.0,0.0,0.0,0.0,0.0,0.0
645,0.0,0.0,0.0,0.0,0.0,0.0,0.0,0.0,0.0,0.0
646,0.0,0.0,0.0,0.0,0.0,0.0,0.0,0.0,0.0,0.0
647,0.0,0.0,0.0,0.0,0.0,0.0,0.0,0.0,0.0,0.0
648,0.0,0.0,0.0,0.0,0.0,0.0,0.0,0.0,0.0,0.0
649,0.0,0.0,0.0,0.19215686274509805,0.0,0.0,0.0,0.0,0.0,0.0
650,0.0,0.0,0.0,0.615686274509804,0.0,0.0,0.0,0.0,0.0,0.0
651,0.09803921568627451,0.0,0.0,0.9882352941176471,0.0,0.28627450980392155,0.0,0.0,0.4392156862745098,0.0
652,0.5019607843137255,0.25098039215686274,0.047058823529411764,0.9882352941176471,0.0,0.984313725490196,0.0,0.0,0.9921568627450981,0.0
653,0.9882352941176471,0.984313725490196,0.34901960784313724,0.9882352941176471,0.0,0.9921568627450981,0.0,0.0,0.9921568627450981,0.0
654,0.9921568627450981,0.9921568627450981,0.4745098039215686,0.9882352941176471,0.0,0.9921568627450981,0.0,0.0,0.996078431372549,0.0
655,0.9882352941176471,0.8627450980392157,0.9921568627450981,0.9882352941176471,0.0,0.9921568627450981,0.0,0.0,0.9254901960784314,0.0
656,0.5529411764705883,0.0,0.9921568627450981,0.8509803921568627,0.0,0.9921568627450981,0.0,0.0,0.5058823529411764,0.8117647058823529
657,0.1450980392156863,0.0,0.592156862745098,0.8117647058823529,0.9450980392156862,0.9921568627450981,0.0,0.0,0.03529411764705882,0.9882352941176471
658,0.0,0.0,0.34901960784313724,0.5725490196078431,0.996078431372549,0.9921568627450981,0.0,0.0,0.0,0.9450980392156862
659,0.0,0.0,0.34901960784313724,0.17647058823529413,0.3215686274509804,0.8549019607843137,0.0,0.4392156862745098,0.0,0.0
660,0.0,0.0,0.21568627450980393,0.0,0.0,0.3058823529411765,0.0,0.996078431372549,0.0,0.0
661,0.0,0.0,0.0,0.0,0.0,0.0,0.0,0.07450980392156863,0.0,0.0
662,0.0,0.0,0.0,0.0,0.0,0.0,0.0,0.0,0.0,0.0
663,0.0,0.0,0.0,0.0,0.0,0.0,0.0,0.0,0.0,0.0
664,0.0,0.0,0.0,0.0,0.0,0.0,0.0,0.0,0.0,0.0
665,0.0,0.0,0.0,0.0,0.0,0.0,0.0,0.0,0.0,0.0
666,0.0,0.0,0.0,0.0,0.0,0.0,0.0,0.0,0.0,0.0
667,0.0,0.0,0.0,0.0,0.0,0.0,0.0,0.0,0.0,0.0
668,0.0,0.0,0.0,0.0,0.0,0.0,0.0,0.0,0.0,0.0
669,0.0,0.0,0.0,0.0,0.0,0.0,0.0,0.0,0.0,0.0
670,0.0,0.0,0.0,0.0,0.0,0.0,0.0,0.0,0.0,0.0
671,0.0,0.0,0.0,0.0,0.0,0.0,0.0,0.0,0.0,0.0
672,0.0,0.0,0.0,0.0,0.0,0.0,0.0,0.0,0.0,0.0
673,0.0,0.0,0.0,0.0,0.0,0.0,0.0,0.0,0.0,0.0
674,0.0,0.0,0.0,0.0,0.0,0.0,0.0,0.0,0.0,0.0
675,0.0,0.0,0.0,0.0,0.0,0.0,0.0,0.0,0.0,0.0
676,0.0,0.0,0.0,0.0,0.0,0.0,0.0,0.0,0.0,0.0
677,0.0,0.0,0.0,0.0,0.0,0.0,0.0,0.0,0.0,0.0
678,0.0,0.0,0.0,0.027450980392156862,0.0,0.0,0.0,0.0,0.0,0.0
679,0.0,0.0,0.0,0.403921568627451,0.0,0.0,0.0,0.0,0.06666666666666667,0.0
680,0.0,0.09411764705882353,0.0,0.9215686274509803,0.0,0.23529411764705882,0.0,0.0,0.4627450980392157,0.0
681,0.0,0.7568627450980392,0.0,0.9882352941176471,0.0,0.8862745098039215,0.0,0.0,0.9529411764705882,0.0
682,0.0,0.9921568627450981,0.0,0.6745098039215687,0.0,0.6588235294117647,0.0,0.0,0.7490196078431373,0.12941176470588237
683,0.0,0.8627450980392157,0.0,0.403921568627451,0.0,0.9921568627450981,0.0,0.0,0.44313725490196076,0.7843137254901961
684,0.0,0.0,0.0,0.09411764705882353,0.0,0.9921568627450981,0.0,0.0,0.0,0.9764705882352941
685,0.0,0.0,0.0,0.0,0.9450980392156862,0.8274509803921568,0.0,0.0,0.0,0.9882352941176471
686,0.0,0.0,0.0,0.0,0.9568627450980393,0.6431372549019608,0.0,0.0,0.0,0.3607843137254902
687,0.0,0.0,0.0,0.0,0.0784313725490196,0.07058823529411765,0.0,0.07058823529411765,0.0,0.0
688,0.0,0.0,0.0,0.0,0.0,0.0,0.0,0.23137254901960785,0.0,0.0
689,0.0,0.0,0.0,0.0,0.0,0.0,0.0,0.011764705882352941,0.0,0.0
690,0.0,0.0,0.0,0.0,0.0,0.0,0.0,0.0,0.0,0.0
691,0.0,0.0,0.0,0.0,0.0,0.0,0.0,0.0,0.0,0.0
692,0.0,0.0,0.0,0.0,0.0,0.0,0.0,0.0,0.0,0.0
693,0.0,0.0,0.0,0.0,0.0,0.0,0.0,0.0,0.0,0.0
694,0.0,0.0,0.0,0.0,0.0,0.0,0.0,0.0,0.0,0.0
695,0.0,0.0,0.0,0.0,0.0,0.0,0.0,0.0,0.0,0.0
696,0.0,0.0,0.0,0.0,0.0,0.0,0.0,0.0,0.0,0.0
697,0.0,0.0,0.0,0.0,0.0,0.0,0.0,0.0,0.0,0.0
698,0.0,0.0,0.0,0.0,0.0,0.0,0.0,0.0,0.0,0.0
699,0.0,0.0,0.0,0.0,0.0,0.0,0.0,0.0,0.0,0.0
700,0.0,0.0,0.0,0.0,0.0,0.0,0.0,0.0,0.0,0.0
701,0.0,0.0,0.0,0.0,0.0,0.0,0.0,0.0,0.0,0.0
702,0.0,0.0,0.0,0.0,0.0,0.0,0.0,0.0,0.0,0.0
703,0.0,0.0,0.0,0.0,0.0,0.0,0.0,0.0,0.0,0.0
704,0.0,0.0,0.0,0.0,0.0,0.0,0.0,0.0,0.0,0.0
705,0.0,0.0,0.0,0.0,0.0,0.0,0.0,0.0,0.0,0.0
706,0.0,0.0,0.0,0.0,0.0,0.0,0.0,0.0,0.0,0.0
707,0.0,0.0,0.0,0.0,0.0,0.0,0.0,0.0,0.0,0.0
708,0.0,0.0,0.0,0.0,0.0,0.0,0.0,0.0,0.0,0.0
709,0.0,0.0,0.0,0.0,0.0,0.0,0.0,0.0,0.0,0.0
710,0.0,0.0,0.0,0.0,0.0,0.0,0.0,0.0,0.0,0.3333333333333333
711,0.0,0.0,0.0,0.0,0.0,0.0,0.0,0.0,0.0,0.9882352941176471
712,0.0,0.0,0.0,0.0,0.0,0.0,0.0,0.0,0.0,0.9882352941176471
713,0.0,0.0,0.0,0.0,0.0,0.0,0.0,0.0,0.0,0.5568627450980392
714,0.0,0.0,0.0,0.0,0.0,0.0,0.0,0.0,0.0,0.0
715,0.0,0.0,0.0,0.0,0.0,0.0,0.0,0.0,0.0,0.0
716,0.0,0.0,0.0,0.0,0.0,0.0,0.0,0.0,0.0,0.0
717,0.0,0.0,0.0,0.0,0.0,0.0,0.0,0.0,0.0,0.0
718,0.0,0.0,0.0,0.0,0.0,0.0,0.0,0.0,0.0,0.0
719,0.0,0.0,0.0,0.0,0.0,0.0,0.0,0.0,0.0,0.0
720,0.0,0.0,0.0,0.0,0.0,0.0,0.0,0.0,0.0,0.0
721,0.0,0.0,0.0,0.0,0.0,0.0,0.0,0.0,0.0,0.0
722,0.0,0.0,0.0,0.0,0.0,0.0,0.0,0.0,0.0,0.0
723,0.0,0.0,0.0,0.0,0.0,0.0,0.0,0.0,0.0,0.0
724,0.0,0.0,0.0,0.0,0.0,0.0,0.0,0.0,0.0,0.0
725,0.0,0.0,0.0,0.0,0.0,0.0,0.0,0.0,0.0,0.0
726,0.0,0.0,0.0,0.0,0.0,0.0,0.0,0.0,0.0,0.0
727,0.0,0.0,0.0,0.0,0.0,0.0,0.0,0.0,0.0,0.0
728,0.0,0.0,0.0,0.0,0.0,0.0,0.0,0.0,0.0,0.0
729,0.0,0.0,0.0,0.0,0.0,0.0,0.0,0.0,0.0,0.0
730,0.0,0.0,0.0,0.0,0.0,0.0,0.0,0.0,0.0,0.0
731,0.0,0.0,0.0,0.0,0.0,0.0,0.0,0.0,0.0,0.0
732,0.0,0.0,0.0,0.0,0.0,0.0,0.0,0.0,0.0,0.0
733,0.0,0.0,0.0,0.0,0.0,0.0,0.0,0.0,0.0,0.0
734,0.0,0.0,0.0,0.0,0.0,0.0,0.0,0.0,0.0,0.0
735,0.0,0.0,0.0,0.0,0.0,0.0,0.0,0.0,0.0,0.0
736,0.0,0.0,0.0,0.0,0.0,0.0,0.0,0.0,0.0,0.0
737,0.0,0.0,0.0,0.0,0.0,0.0,0.0,0.0,0.0,0.0
738,0.0,0.0,0.0,0.0,0.0,0.0,0.0,0.0,0.0,0.3333333333333333
739,0.0,0.0,0.0,0.0,0.0,0.0,0.0,0.0,0.0,0.9882352941176471
740,0.0,0.0,0.0,0.0,0.0,0.0,0.0,0.0,0.0,0.7843137254901961
741,0.0,0.0,0.0,0.0,0.0,0.0,0.0,0.0,0.0,0.043137254901960784
742,0.0,0.0,0.0,0.0,0.0,0.0,0.0,0.0,0.0,0.0
743,0.0,0.0,0.0,0.0,0.0,0.0,0.0,0.0,0.0,0.0
744,0.0,0.0,0.0,0.0,0.0,0.0,0.0,0.0,0.0,0.0
745,0.0,0.0,0.0,0.0,0.0,0.0,0.0,0.0,0.0,0.0
746,0.0,0.0,0.0,0.0,0.0,0.0,0.0,0.0,0.0,0.0
747,0.0,0.0,0.0,0.0,0.0,0.0,0.0,0.0,0.0,0.0
748,0.0,0.0,0.0,0.0,0.0,0.0,0.0,0.0,0.0,0.0
749,0.0,0.0,0.0,0.0,0.0,0.0,0.0,0.0,0.0,0.0
750,0.0,0.0,0.0,0.0,0.0,0.0,0.0,0.0,0.0,0.0
751,0.0,0.0,0.0,0.0,0.0,0.0,0.0,0.0,0.0,0.0
752,0.0,0.0,0.0,0.0,0.0,0.0,0.0,0.0,0.0,0.0
753,0.0,0.0,0.0,0.0,0.0,0.0,0.0,0.0,0.0,0.0
754,0.0,0.0,0.0,0.0,0.0,0.0,0.0,0.0,0.0,0.0
755,0.0,0.0,0.0,0.0,0.0,0.0,0.0,0.0,0.0,0.0
756,0.0,0.0,0.0,0.0,0.0,0.0,0.0,0.0,0.0,0.0
757,0.0,0.0,0.0,0.0,0.0,0.0,0.0,0.0,0.0,0.0
758,0.0,0.0,0.0,0.0,0.0,0.0,0.0,0.0,0.0,0.0
759,0.0,0.0,0.0,0.0,0.0,0.0,0.0,0.0,0.0,0.0
760,0.0,0.0,0.0,0.0,0.0,0.0,0.0,0.0,0.0,0.0
761,0.0,0.0,0.0,0.0,0.0,0.0,0.0,0.0,0.0,0.0
762,0.0,0.0,0.0,0.0,0.0,0.0,0.0,0.0,0.0,0.0
763,0.0,0.0,0.0,0.0,0.0,0.0,0.0,0.0,0.0,0.0
764,0.0,0.0,0.0,0.0,0.0,0.0,0.0,0.0,0.0,0.0
765,0.0,0.0,0.0,0.0,0.0,0.0,0.0,0.0,0.0,0.0
766,0.0,0.0,0.0,0.0,0.0,0.0,0.0,0.0,0.0,0.0
767,0.0,0.0,0.0,0.0,0.0,0.0,0.0,0.0,0.0,0.0
768,0.0,0.0,0.0,0.0,0.0,0.0,0.0,0.0,0.0,0.0
769,0.0,0.0,0.0,0.0,0.0,0.0,0.0,0.0,0.0,0.0
770,0.0,0.0,0.0,0.0,0.0,0.0,0.0,0.0,0.0,0.0
771,0.0,0.0,0.0,0.0,0.0,0.0,0.0,0.0,0.0,0.0
772,0.0,0.0,0.0,0.0,0.0,0.0,0.0,0.0,0.0,0.0
773,0.0,0.0,0.0,0.0,0.0,0.0,0.0,0.0,0.0,0.0
774,0.0,0.0,0.0,0.0,0.0,0.0,0.0,0.0,0.0,0.0
775,0.0,0.0,0.0,0.0,0.0,0.0,0.0,0.0,0.0,0.0
776,0.0,0.0,0.0,0.0,0.0,0.0,0.0,0.0,0.0,0.0
777,0.0,0.0,0.0,0.0,0.0,0.0,0.0,0.0,0.0,0.0
778,0.0,0.0,0.0,0.0,0.0,0.0,0.0,0.0,0.0,0.0
779,0.0,0.0,0.0,0.0,0.0,0.0,0.0,0.0,0.0,0.0
780,0.0,0.0,0.0,0.0,0.0,0.0,0.0,0.0,0.0,0.0
781,0.0,0.0,0.0,0.0,0.0,0.0,0.0,0.0,0.0,0.0
782,0.0,0.0,0.0,0.0,0.0,0.0,0.0,0.0,0.0,0.0
783,0.0,0.0,0.0,0.0,0.0,0.0,0.0,0.0,0.0,0.0
